pos_x,pos_y,rotation,side,designator,mpn,pack,footprint,value,mount_type
-6.732102,87.022899,135.0,top,B_LED1,,,LED_MX_6028R_Flipped,MX_SK6812MINI-E,smt
-97.647899,87.022899,-135.0,top,B_LED2,,,LED_MX_6028R_Flipped,MX_SK6812MINI-E,smt
-97.647899,-22.992898,-45.0,top,B_LED3,,,LED_MX_6028R_Flipped,MX_SK6812MINI-E,smt
-6.74,-22.985,45.0,top,B_LED4,,,LED_MX_6028R_Flipped,MX_SK6812MINI-E,smt
-70.01,10.52,0.0,top,C1,CL21B104KBCNNNC,SMD-2 Samsung,01uF_0805_CAPC2012X95N,0.1uF,smt
-28.05,13.78,-90.0,top,C16,CL21A106KAYNNNE,SMD-2 Samsung,10uF_0805_CAPC3216X180N,10uF,smt
-35.02,11.69,-90.0,top,C17,CL21A106KAYNNNE,SMD-2 Samsung,10uF_0805_CAPC3216X180N,10uF,smt
-10.33,92.45,0.0,top,C2,CL21B104KBCNNNC,SMD-2 Samsung,01uF_0805_CAPC2012X95N,0.1uF,smt
-47.311129,2.04,135.0,top,C22,CL05A105KA5NQNC,SMD-2 Samsung,0402_CAPC1005X65N_reduced_pad,1uF,smt
-46.441129,2.92,135.0,top,C23,CL05A105KA5NQNC,SMD-2 Samsung,0402_CAPC1005X65N_reduced_pad,1uF,smt
-55.701129,9.08,-45.0,top,C25,CL05B104KO5NNNC,SMD-2 Samsung,01uF_0402_CAPC1005X55N,0.1uF,smt
-53.763203,10.975595,-45.0,top,C26,CL05B104KO5NNNC,SMD-2 Samsung,01uF_0402_CAPC1005X55N,0.1uF,smt
-47.088669,9.14,-135.0,top,C27,CL05B104KO5NNNC,SMD-2 Samsung,01uF_0402_CAPC1005X55N,0.1uF,smt
-57.399121,3.937992,45.0,top,C28,CL05B104KO5NNNC,SMD-2 Samsung,01uF_0402_CAPC1005X55N,0.1uF,smt
-54.56,1.65,45.0,top,C29,CL05B104KO5NNNC,SMD-2 Samsung,01uF_0402_CAPC1005X55N,0.1uF,smt
-104.08,85.31,90.0,top,C3,CL21B104KBCNNNC,SMD-2 Samsung,01uF_0805_CAPC2012X95N,0.1uF,smt
-53.001129,11.77,-45.0,top,C30,CL05B104KO5NNNC,SMD-2 Samsung,01uF_0402_CAPC1005X55N,0.1uF,smt
-50.63,11.85,-135.0,top,C31,CL05B104KO5NNNC,SMD-2 Samsung,01uF_0402_CAPC1005X55N,0.1uF,smt
-52.221129,12.55,-45.0,top,C32,CL05B104KO5NNNC,SMD-2 Samsung,01uF_0402_CAPC1005X55N,0.1uF,smt
-45.714454,-3.918109,45.0,top,C33,CC0805JRNPO9BN150,0805 Wurth Electronics,15pF_WCAP-CSGP_0805_H0.6_W,15pF,smt
-50.23,-3.75,135.0,top,C34,CC0805JRNPO9BN150,0805 Wurth Electronics,15pF_WCAP-CSGP_0805_H0.6_W,15pF,smt
-95.54,-28.98,180.0,top,C4,CL21B104KBCNNNC,SMD-2 Samsung,01uF_0805_CAPC2012X95N,0.1uF,smt
-54.921129,9.86,-45.0,top,C44,CL05B104KO5NNNC,SMD-2 Samsung,01uF_0402_CAPC1005X55N,0.1uF,smt
-1.33,-20.35,-90.0,top,C5,CL21B104KBCNNNC,SMD-2 Samsung,01uF_0805_CAPC2012X95N,0.1uF,smt
-45.61,4.41,-135.0,top,C6,CL05B104KO5NNNC,SMD-2 Samsung,01uF_0402_CAPC1005X55N,0.1uF,smt
-7.54,-21.785,180.0,top,CL1,CL21B104KBCNNNC,SMD-2 Samsung,01uF_0805_CAPC2012X95N,0.1uF,smt
-7.43,37.35,180.0,top,CL10,CL21B104KBCNNNC,SMD-2 Samsung,01uF_0805_CAPC2012X95N,0.1uF,smt
-83.63,37.35,180.0,top,CL11,CL21B104KBCNNNC,SMD-2 Samsung,01uF_0805_CAPC2012X95N,0.1uF,smt
-7.43,56.4,180.0,top,CL12,CL21B104KBCNNNC,SMD-2 Samsung,01uF_0805_CAPC2012X95N,0.1uF,smt
-26.48,56.4,180.0,top,CL13,CL21B104KBCNNNC,SMD-2 Samsung,01uF_0805_CAPC2012X95N,0.1uF,smt
-45.53,56.4,180.0,top,CL14,CL21B104KBCNNNC,SMD-2 Samsung,01uF_0805_CAPC2012X95N,0.1uF,smt
-64.58,56.4,180.0,top,CL15,CL21B104KBCNNNC,SMD-2 Samsung,01uF_0805_CAPC2012X95N,0.1uF,smt
-83.63,56.4,180.0,top,CL16,CL21B104KBCNNNC,SMD-2 Samsung,01uF_0805_CAPC2012X95N,0.1uF,smt
-7.43,75.45,180.0,top,CL17,CL21B104KBCNNNC,SMD-2 Samsung,01uF_0805_CAPC2012X95N,0.1uF,smt
-26.48,75.45,180.0,top,CL18,CL21B104KBCNNNC,SMD-2 Samsung,01uF_0805_CAPC2012X95N,0.1uF,smt
-45.53,75.45,180.0,top,CL19,CL21B104KBCNNNC,SMD-2 Samsung,01uF_0805_CAPC2012X95N,0.1uF,smt
-26.48,-19.8,180.0,top,CL2,CL21B104KBCNNNC,SMD-2 Samsung,01uF_0805_CAPC2012X95N,0.1uF,smt
-64.58,75.45,180.0,top,CL20,CL21B104KBCNNNC,SMD-2 Samsung,01uF_0805_CAPC2012X95N,0.1uF,smt
-83.63,75.45,180.0,top,CL21,CL21B104KBCNNNC,SMD-2 Samsung,01uF_0805_CAPC2012X95N,0.1uF,smt
-45.53,-19.8,180.0,top,CL3,CL21B104KBCNNNC,SMD-2 Samsung,01uF_0805_CAPC2012X95N,0.1uF,smt
-64.58,-19.8,180.0,top,CL4,CL21B104KBCNNNC,SMD-2 Samsung,01uF_0805_CAPC2012X95N,0.1uF,smt
-83.63,-19.8,180.0,top,CL5,CL21B104KBCNNNC,SMD-2 Samsung,01uF_0805_CAPC2012X95N,0.1uF,smt
-7.99,-0.835,180.0,top,CL6,CL21B104KBCNNNC,SMD-2 Samsung,01uF_0805_CAPC2012X95N,0.1uF,smt
-83.63,-0.75,180.0,top,CL7,CL21B104KBCNNNC,SMD-2 Samsung,01uF_0805_CAPC2012X95N,0.1uF,smt
-7.43,18.3,180.0,top,CL8,CL21B104KBCNNNC,SMD-2 Samsung,01uF_0805_CAPC2012X95N,0.1uF,smt
-83.63,18.3,180.0,top,CL9,CL21B104KBCNNNC,SMD-2 Samsung,01uF_0805_CAPC2012X95N,0.1uF,smt
-21.24,-23.335,0.0,top,D1,1N4148W,,D_SOD-123,~,smt
-22.41,37.08,0.0,top,D10,1N4148W,,D_SOD-123,~,smt
-97.63,35.35,90.0,top,D11,1N4148W,,D_SOD-123,~,smt
-21.43,54.4,90.0,top,D12,1N4148W,,D_SOD-123,~,smt
-40.48,54.4,90.0,top,D13,1N4148W,,D_SOD-123,~,smt
-59.53,54.4,90.0,top,D14,1N4148W,,D_SOD-123,~,smt
-78.58,54.4,90.0,top,D15,1N4148W,,D_SOD-123,~,smt
-97.63,54.4,90.0,top,D16,1N4148W,,D_SOD-123,~,smt
-21.43,73.45,90.0,top,D17,1N4148W,,D_SOD-123,~,smt
-40.48,73.45,90.0,top,D18,1N4148W,,D_SOD-123,~,smt
-59.53,73.45,90.0,top,D19,1N4148W,,D_SOD-123,~,smt
-40.48,-21.8,90.0,top,D2,1N4148W,,D_SOD-123,~,smt
-78.58,73.45,90.0,top,D20,1N4148W,,D_SOD-123,~,smt
-97.63,73.45,90.0,top,D21,1N4148W,,D_SOD-123,~,smt
-59.53,-21.8,90.0,top,D3,1N4148W,,D_SOD-123,~,smt
-78.58,-21.8,90.0,top,D4,1N4148W,,D_SOD-123,~,smt
-97.63,-21.8,90.0,top,D5,1N4148W,,D_SOD-123,~,smt
-22.42,-1.25,0.0,top,D6,1N4148W,,D_SOD-123,~,smt
-97.63,-2.75,90.0,top,D7,1N4148W,,D_SOD-123,~,smt
-22.74,17.915,0.0,top,D8,1N4148W,,D_SOD-123,~,smt
-97.63,16.3,90.0,top,D9,1N4148W,,D_SOD-123,~,smt
-38.33,-28.45,0.0,top,F2,MF-FSMF050X-2,,Fuse_0603,1A,smt
-103.59,68.46,0.0,top,FID1,,,Fiducial_0.5mm_Mask1mm,Fiducial,smt
-85.57,-29.3,0.0,top,FID2,,,Fiducial_0.5mm_Mask1mm,Fiducial,smt
-1.45,51.57,0.0,top,FID3,,,Fiducial_0.5mm_Mask1mm,Fiducial,smt
-31.07,-1.47,0.0,top,H5,,,MountingHole_3.2mm_M3,MountingHole,tht
-31.07,47.1,0.0,top,H6,,,MountingHole_3.2mm_M3,MountingHole,tht
-77.34,47.1,0.0,top,H7,,,MountingHole_3.2mm_M3,MountingHole,tht
-77.34,-1.47,0.0,top,H8,,,MountingHole_3.2mm_M3,MountingHole,tht
-51.44,-36.985,0.0,top,J1,2169900003,None,USB-C_MOLEX_2169900003,USB_C,smt
-38.091129,3.85,180.0,top,J2,,,PinHeader_2x08_P2.54mm_Vertical,Conn_02x08_Odd_Even,tht
-77.53,5.125,90.0,top,J4,,,PinHeader_2x01_P2.54mm_Vertical,Conn_02x01,tht
-14.08,-15.6,0.0,top,LED1,,,LED_MX_6028R,MX_SK6812MINI-E,smt
-14.08,41.55,0.0,top,LED10,,,LED_MX_6028R,MX_SK6812MINI-E,smt
-90.28,41.55,0.0,top,LED11,,,LED_MX_6028R,MX_SK6812MINI-E,smt
-14.08,60.6,0.0,top,LED12,,,LED_MX_6028R,MX_SK6812MINI-E,smt
-33.13,60.6,0.0,top,LED13,,,LED_MX_6028R,MX_SK6812MINI-E,smt
-52.18,60.6,0.0,top,LED14,,,LED_MX_6028R,MX_SK6812MINI-E,smt
-71.23,60.6,0.0,top,LED15,,,LED_MX_6028R,MX_SK6812MINI-E,smt
-90.28,60.6,0.0,top,LED16,,,LED_MX_6028R,MX_SK6812MINI-E,smt
-14.08,79.65,0.0,top,LED17,,,LED_MX_6028R,MX_SK6812MINI-E,smt
-33.13,79.65,0.0,top,LED18,,,LED_MX_6028R,MX_SK6812MINI-E,smt
-52.18,79.65,0.0,top,LED19,,,LED_MX_6028R,MX_SK6812MINI-E,smt
-33.13,-15.6,0.0,top,LED2,,,LED_MX_6028R,MX_SK6812MINI-E,smt
-71.23,79.65,0.0,top,LED20,,,LED_MX_6028R,MX_SK6812MINI-E,smt
-90.28,79.65,0.0,top,LED21,,,LED_MX_6028R,MX_SK6812MINI-E,smt
-52.18,-15.6,0.0,top,LED3,,,LED_MX_6028R,MX_SK6812MINI-E,smt
-71.23,-15.6,0.0,top,LED4,,,LED_MX_6028R,MX_SK6812MINI-E,smt
-90.28,-15.6,0.0,top,LED5,,,LED_MX_6028R,MX_SK6812MINI-E,smt
-14.08,3.45,0.0,top,LED6,,,LED_MX_6028R,MX_SK6812MINI-E,smt
-90.28,3.45,0.0,top,LED7,,,LED_MX_6028R,MX_SK6812MINI-E,smt
-14.08,22.5,0.0,top,LED8,,,LED_MX_6028R,MX_SK6812MINI-E,smt
-90.28,22.5,0.0,top,LED9,,,LED_MX_6028R,MX_SK6812MINI-E,smt
-43.51,3.75,90.0,top,R1,0805W8F1002T5E,2012 TE Connectivity,10k_RESC2012X65N,10k,smt
-44.84,0.09,135.0,top,R10,RC0805FR-071KL,0805,1k_RESC2012X65N,1k,smt
-44.771129,21.6,180.0,top,R11,0805W8F1002T5E,2012 TE Connectivity,10k_RESC2012X65N,10k,smt
-44.781129,19.09,180.0,top,R12,0805W8F1002T5E,2012 TE Connectivity,10k_RESC2012X65N,10k,smt
-7.39,-11.3,0.0,top,R13,0805W8F1002T5E,,10k_RESC2012X65N,10k,smt
-7.4,-9.14,0.0,top,R14,0805W8F1002T5E,,10k_RESC2012X65N,10k,smt
-28.83,-28.45,0.0,top,R15,0805W8F0000T5E,,R_0805_2012Metric_Pad1.20x1.40mm_HandSolder,0,smt
-55.33,-27.05,-90.0,top,R2,0805W8F5101T5E,0805,5K1_RESC2012X65N,5.1k,smt
-48.18,-27.05,-90.0,top,R3,0805W8F5101T5E,0805,5K1_RESC2012X65N,5.1k,smt
-55.561129,13.24,135.0,top,R4,0805W8F270JT5E,2012 TE Connectivity,27R_RESC2012X65N,27,smt
-95.18,35.55,90.0,top,R5,0603WAF4700T5E,,R_0603_1608Metric,470 ohm,smt
-62.52,1.36,180.0,top,R6,RC0805FR-071KL,0805,1k_RESC2012X65N,1k,smt
-62.52,3.47,180.0,top,R7,0805W8F1002T5E,2012 TE Connectivity,10k_RESC2012X65N,10k,smt
-46.39,15.65,0.0,top,R8,0805W8F1002T5E,2012 TE Connectivity,10k_RESC2012X65N,10k,smt
-57.121129,11.64,135.0,top,R9,0805W8F270JT5E,2012 TE Connectivity,27R_RESC2012X65N,27,smt
-14.04,-16.585,0.0,bottom,S1,PEC11R-4230F-S0024,None,XDCR_PEC11R-4230F-S0024,RotaryEncoder,tht
-13.43,45.35,180.0,top,S10,,,MX_Hotswap_1.00u,~,smt
-89.63,45.35,180.0,top,S11,,,MX_Hotswap_1.00u,~,smt
-13.43,64.4,180.0,top,S12,,,MX_Hotswap_1.00u,~,smt
-32.48,64.4,180.0,top,S13,,,MX_Hotswap_1.00u,~,smt
-51.53,64.4,180.0,top,S14,,,MX_Hotswap_1.00u,~,smt
-70.58,64.4,180.0,top,S15,,,MX_Hotswap_1.00u,~,smt
-89.63,64.4,180.0,top,S16,,,MX_Hotswap_1.00u,~,smt
-13.43,83.45,180.0,top,S17,,,MX_Hotswap_1.00u,~,smt
-32.48,83.45,180.0,top,S18,,,MX_Hotswap_1.00u,~,smt
-51.53,83.45,180.0,top,S19,,,MX_Hotswap_1.00u,~,smt
-32.48,-11.8,180.0,top,S2,,,MX_Hotswap_1.00u,~,smt
-70.58,83.45,180.0,top,S20,,,MX_Hotswap_1.00u,~,smt
-89.63,83.45,180.0,top,S21,,,MX_Hotswap_1.00u,~,smt
-51.53,-11.8,180.0,top,S3,,,MX_Hotswap_1.00u,~,smt
-70.58,-11.8,180.0,top,S4,,,MX_Hotswap_1.00u,~,smt
-89.63,-11.8,180.0,top,S5,,,MX_Hotswap_1.00u,~,smt
-13.43,7.25,180.0,top,S6,,,MX_Hotswap_1.00u,~,smt
-89.63,7.25,180.0,top,S7,,,MX_Hotswap_1.00u,~,smt
-13.43,26.3,180.0,top,S8,,,MX_Hotswap_1.00u,~,smt
-89.63,26.3,180.0,top,S9,,,MX_Hotswap_1.00u,~,smt
-68.36,-0.55,-90.0,top,SW1,TS-1187A-B-A-B,,SW_SPST_TL3342,SW_Push_B,smt
-39.39,-2.32,90.0,top,SW2,TS-1187A-B-A-B,,SW_SPST_TL3342,SW_Push_R,smt
-23.83,-28.45,0.0,top,TP10,,,TestPoint_Pad_3.0x3.0mm,TestPoint,tht
-33.43,17.38,180.0,top,TP2,,,TestPoint_Pad_3.0x3.0mm,TestPoint,tht
-59.84,-28.13,0.0,top,TP3,,,TestPoint_Pad_3.0x3.0mm,TestPoint,tht
-42.83,-28.45,0.0,top,TP8,,,TestPoint_Pad_3.0x3.0mm,TestPoint,tht
-33.83,-28.45,0.0,top,TP9,,,TestPoint_Pad_3.0x3.0mm,TestPoint,tht
-51.488629,5.87,45.0,top,U1,RP2040,,QFN-56-1EP_7x7mm_P0.4mm_EP3.2x3.2mm,RP2040,smt
-52.18,22.525,0.0,top,U2,,,OLED_SPI_128x128,OLED,smt
-31.275,12.34,180.0,top,U3,AP2112K-3.3TRG1,,SOT-23-5,AP2112K-3.3,smt
-51.53,-26.85,90.0,top,U4,USBLC6-2SC6,,SOT-23-6,USBLC6-2SC6,smt
-62.76,7.8025,180.0,top,U6,W25Q128JVSIQ,,SOIC-8_5.3x5.3mm_P1.27mm,W25Q128JVS,smt
-42.17,26.29,0.0,top,U7,SN74AHCT1G125DBVR,SOT-23-5 Texas Instruments,SOT95P280X145-5N,~,smt
-47.854454,-1.418109,45.0,top,Y1,ABM8-272-T3,NON-STANDARD-4 Abracon,XTAL_ABM8-272-T3,ABM8-272-T3,smt
